

INSERT INTO USUARIOS(username,userpass,tipo_usuario,fecha_registro,ultimo_acceso,estado_usuario) VALUES ('admincursos','adminpass','ADMIN',CURDATE(),null,'ACTIVO');
INSERT INTO USUARIOS(username,userpass,tipo_usuario,fecha_registro,ultimo_acceso,estado_usuario) VALUES ('estudiante1','estudiante','ESTUDIANTE',CURDATE(),null,'ACTIVO');
INSERT INTO USUARIOS(username,userpass,tipo_usuario,fecha_registro,ultimo_acceso,estado_usuario) VALUES ('estudiante2','estudiante','ESTUDIANTE',CURDATE(),null,'ACTIVO');
INSERT INTO USUARIOS(username,userpass,tipo_usuario,fecha_registro,ultimo_acceso,estado_usuario) VALUES ('estudiante3','estudiante','ESTUDIANTE',CURDATE(),null,'ACTIVO');
INSERT INTO USUARIOS(username,userpass,tipo_usuario,fecha_registro,ultimo_acceso,estado_usuario) VALUES ('prof001','profesor','DOCENTE',CURDATE(),null,'ACTIVO');
INSERT INTO USUARIOS(username,userpass,tipo_usuario,fecha_registro,ultimo_acceso,estado_usuario) VALUES ('prof002','profesor','DOCENTE',CURDATE(),null,'ACTIVO');
INSERT INTO USUARIOS(username,userpass,tipo_usuario,fecha_registro,ultimo_acceso,estado_usuario) VALUES ('prof003','profesor','DOCENTE',CURDATE(),null,'ACTIVO');
INSERT INTO USUARIOS(username,userpass,tipo_usuario,fecha_registro,ultimo_acceso,estado_usuario) VALUES ('prof004','profesor','DOCENTE',CURDATE(),null,'ACTIVO');
INSERT INTO USUARIOS(username,userpass,tipo_usuario,fecha_registro,ultimo_acceso,estado_usuario) VALUES ('prof005','profesor','DOCENTE',CURDATE(),null,'ACTIVO');
INSERT INTO USUARIOS(username,userpass,tipo_usuario,fecha_registro,ultimo_acceso,estado_usuario) VALUES ('prof006','profesor','DOCENTE',CURDATE(),null,'ACTIVO');
INSERT INTO USUARIOS(username,userpass,tipo_usuario,fecha_registro,ultimo_acceso,estado_usuario) VALUES ('prof007','profesor','DOCENTE',CURDATE(),null,'ACTIVO');
INSERT INTO USUARIOS(username,userpass,tipo_usuario,fecha_registro,ultimo_acceso,estado_usuario) VALUES ('prof008','profesor','DOCENTE',CURDATE(),null,'ACTIVO');
INSERT INTO USUARIOS(username,userpass,tipo_usuario,fecha_registro,ultimo_acceso,estado_usuario) VALUES ('prof009','profesor','DOCENTE',CURDATE(),null,'ACTIVO');
INSERT INTO USUARIOS(username,userpass,tipo_usuario,fecha_registro,ultimo_acceso,estado_usuario) VALUES ('prof0010','profesor','DOCENTE',CURDATE(),null,'ACTIVO');
INSERT INTO USUARIOS(username,userpass,tipo_usuario,fecha_registro,ultimo_acceso,estado_usuario) VALUES ('prof0011','profesor','DOCENTE',CURDATE(),null,'ACTIVO');
INSERT INTO USUARIOS(username,userpass,tipo_usuario,fecha_registro,ultimo_acceso,estado_usuario) VALUES ('prof0012','profesor','DOCENTE',CURDATE(),null,'ACTIVO');
INSERT INTO USUARIOS(username,userpass,tipo_usuario,fecha_registro,ultimo_acceso,estado_usuario) VALUES ('prof0013','profesor','DOCENTE',CURDATE(),null,'ACTIVO');
INSERT INTO USUARIOS(username,userpass,tipo_usuario,fecha_registro,ultimo_acceso,estado_usuario) VALUES ('prof0014','profesor','DOCENTE',CURDATE(),null,'ACTIVO');
INSERT INTO USUARIOS(username,userpass,tipo_usuario,fecha_registro,ultimo_acceso,estado_usuario) VALUES ('prof0015','profesor','DOCENTE',CURDATE(),null,'ACTIVO');

INSERT INTO TEMAS (fecha_creacion, creado_por, nombre_tema, descripcion_tema) VALUES (CURDATE(), 'admincursos','Programacion','Este tema cubre los fundamentos básicos de la programación en Java, incluyendo la sintaxis, tipos de datos, y estructuras de control.');
INSERT INTO TEMAS (fecha_creacion, creado_por, nombre_tema, descripcion_tema) VALUES (CURDATE(), 'admincursos', 'Inteligencia Artificial', 'Este tema abarca los conceptos básicos de la inteligencia artificial, desde algoritmos hasta redes neuronales y aprendizaje automático.');
INSERT INTO TEMAS (fecha_creacion, creado_por, nombre_tema, descripcion_tema) VALUES (CURDATE(), 'admincursos', 'Ofimática', 'Este tema cubre el uso de aplicaciones de oficina como procesadores de texto, hojas de cálculo, y software de presentaciones.');
INSERT INTO TEMAS (fecha_creacion, creado_por, nombre_tema, descripcion_tema) VALUES (CURDATE(), 'admincursos', 'Python', 'Este tema incluye los fundamentos del lenguaje Python, desde la sintaxis básica hasta el manejo de librerías y desarrollo web.');

INSERT INTO HABILIDADES (nombre_habilidad, descripcion) VALUES ('Redes Neuronales', 'Habilidad que cubre la creación y entrenamiento de redes neuronales para el reconocimiento de patrones y aprendizaje profundo.');
INSERT INTO HABILIDADES (nombre_habilidad, descripcion) VALUES ('Análisis de Datos', 'Habilidad relacionada con el uso de Python para analizar grandes volúmenes de datos y generar insights.');
INSERT INTO HABILIDADES (nombre_habilidad, descripcion) VALUES ('Presentaciones Digitales', 'Habilidad para crear presentaciones digitales efectivas utilizando software como PowerPoint o Google Slides.');
INSERT INTO HABILIDADES (nombre_habilidad, descripcion) VALUES ('Natural Language Processing', 'Habilidad que abarca el procesamiento del lenguaje natural utilizando técnicas de IA para comprender y generar lenguaje humano.');
INSERT INTO HABILIDADES (nombre_habilidad, descripcion) VALUES ('Automatización de Tareas', 'Habilidad que se enfoca en la automatización de procesos empresariales utilizando herramientas de ofimática.');
INSERT INTO HABILIDADES (nombre_habilidad, descripcion) VALUES ('Programacion en Python', 'Habilidad que incluye los principios de la programación orientada a objetos utilizando Python como lenguaje.');
INSERT INTO HABILIDADES (nombre_habilidad, descripcion) VALUES ('Aprendizaje Supervisado', 'Habilidad para aplicar técnicas de aprendizaje supervisado en la creación de modelos predictivos.');
INSERT INTO HABILIDADES (nombre_habilidad, descripcion) VALUES ('Gráficos Hojas de Cálculo', 'Habilidad que cubre la creación y personalización de gráficos para representar datos en hojas de cálculo.');
INSERT INTO HABILIDADES (nombre_habilidad, descripcion) VALUES ('Deep Learning', 'Habilidad avanzada en inteligencia artificial centrada en la implementación de modelos de aprendizaje profundo.');
INSERT INTO HABILIDADES (nombre_habilidad, descripcion) VALUES ('Gestión de BD', 'Habilidad que cubre el uso de Python para interactuar con bases de datos, realizar consultas y gestionar la información.');

INSERT INTO CURSOS (titulo_curso, url_imagen_curso, tipo_curso, modalidad_curso, horario_curso, fecha_inicio, fecha_fin, horas_curso, costo_curso, estado_curso, fecha_creacion, creado_por)  VALUES ('Desarrollo Web con Java', 'images/ec1.jpg', 'Macrocredencial', 'online_vivo', 'L_MI_V_Noche', '2024-03-29', '2024-04-13', 16, 3100000, 'FINALIZADO', CURDATE(), 'admincursos');
INSERT INTO CURSOS (titulo_curso, url_imagen_curso, tipo_curso, modalidad_curso, horario_curso, fecha_inicio, fecha_fin, horas_curso, costo_curso, estado_curso, fecha_creacion, creado_por)  VALUES ('Fundamentos de Machine Learning', 'images/ec2.jpg', 'Microcredencial', 'presencial', 'L_V_Noche', '2024-03-20', '2024-03-28', 28, 1700000, 'FINALIZADO', CURDATE(), 'admincursos');
INSERT INTO CURSOS (titulo_curso, url_imagen_curso, tipo_curso, modalidad_curso, horario_curso, fecha_inicio, fecha_fin, horas_curso, costo_curso, estado_curso, fecha_creacion, creado_por)  VALUES ('Introducción a Bases de Datos', 'images/ec3.jpg', 'Macrocredencial', 'virtual', 'L_MI_V_Noche', '2024-04-08', '2024-04-16', 28, 2000000, 'FINALIZADO', CURDATE(), 'admincursos');
INSERT INTO CURSOS (titulo_curso, url_imagen_curso, tipo_curso, modalidad_curso, horario_curso, fecha_inicio, fecha_fin, horas_curso, costo_curso, estado_curso, fecha_creacion, creado_por)  VALUES ('Programación en C++', 'images/ec4.jpg', 'Microcredencial', 'virtual', 'M_J_DIA', '2024-04-16', '2024-04-24', 24, 3100000, 'FINALIZADO', CURDATE(), 'admincursos');
INSERT INTO CURSOS (titulo_curso, url_imagen_curso, tipo_curso, modalidad_curso, horario_curso, fecha_inicio, fecha_fin, horas_curso, costo_curso, estado_curso, fecha_creacion, creado_por)  VALUES ('Administración de Sistemas Linux', 'images/ec5.jpg', 'EduContinua', 'virtual', 'L_MI_V_Noche', '2024-04-21', '2024-04-29', 24, 3450000, 'FINALIZADO', CURDATE(), 'admincursos');
INSERT INTO CURSOS (titulo_curso, url_imagen_curso, tipo_curso, modalidad_curso, horario_curso, fecha_inicio, fecha_fin, horas_curso, costo_curso, estado_curso, fecha_creacion, creado_por) VALUES ('Introducción a la Inteligencia Artificial', 'images/ec6.jpg', 'Macrocredencial', 'online_vivo', 'L_V_Noche', '2025-01-04', '2025-01-12', 33, 1700000, 'ACTIVO', CURDATE(), 'admincursos');
INSERT INTO CURSOS (titulo_curso, url_imagen_curso, tipo_curso, modalidad_curso, horario_curso, fecha_inicio, fecha_fin, horas_curso, costo_curso, estado_curso, fecha_creacion, creado_por) VALUES ('Ofimática para Principiantes', 'images/ec7.jpg', 'Microcredencial', 'online_vivo', 'L_MI_V_Noche', '2025-01-07', '2025-01-15', 33, 2800000, 'ACTIVO', CURDATE(), 'admincursos');
INSERT INTO CURSOS (titulo_curso, url_imagen_curso, tipo_curso, modalidad_curso, horario_curso, fecha_inicio, fecha_fin, horas_curso, costo_curso, estado_curso, fecha_creacion, creado_por) VALUES ('Programación con Python', 'images/ec8.jpg', 'Microcredencial', 'virtual', 'S_DIA', '2025-01-11', '2025-01-26', 21, 2000000, 'ACTIVO', CURDATE(), 'admincursos');
INSERT INTO CURSOS (titulo_curso, url_imagen_curso, tipo_curso, modalidad_curso, horario_curso, fecha_inicio, fecha_fin, horas_curso, costo_curso, estado_curso, fecha_creacion, creado_por) VALUES ('Redes Neuronales para Principiantes', 'images/ec9.jpg', 'Microcredencial', 'presencial', 'S_DIA', '2025-01-11', '2025-01-26', 19, 2800000, 'ACTIVO', CURDATE(), 'admincursos');
INSERT INTO CURSOS (titulo_curso, url_imagen_curso, tipo_curso, modalidad_curso, horario_curso, fecha_inicio, fecha_fin, horas_curso, costo_curso, estado_curso, fecha_creacion, creado_por) VALUES ('Análisis de Datos con Python', 'images/ec10.jpg', 'Macrocredencial', 'online_vivo', 'S_DIA', '2025-01-14', '2025-01-22', 26, 2500000, 'ACTIVO', CURDATE(), 'admincursos');

INSERT INTO HABILIDADES_CURSO (id_curso, id_habilidad) VALUES (1, 1);
INSERT INTO HABILIDADES_CURSO (id_curso, id_habilidad) VALUES (1, 4);
INSERT INTO HABILIDADES_CURSO (id_curso, id_habilidad) VALUES (1, 7);
INSERT INTO HABILIDADES_CURSO (id_curso, id_habilidad) VALUES (2, 2);
INSERT INTO HABILIDADES_CURSO (id_curso, id_habilidad) VALUES (2, 10);
INSERT INTO HABILIDADES_CURSO (id_curso, id_habilidad) VALUES (2, 8);
INSERT INTO HABILIDADES_CURSO (id_curso, id_habilidad) VALUES (3, 3);
INSERT INTO HABILIDADES_CURSO (id_curso, id_habilidad) VALUES (3, 6);
INSERT INTO HABILIDADES_CURSO (id_curso, id_habilidad) VALUES (3, 9);
INSERT INTO HABILIDADES_CURSO (id_curso, id_habilidad) VALUES (4, 1);
INSERT INTO HABILIDADES_CURSO (id_curso, id_habilidad) VALUES (4, 5);
INSERT INTO HABILIDADES_CURSO (id_curso, id_habilidad) VALUES (4, 10);
INSERT INTO HABILIDADES_CURSO (id_curso, id_habilidad) VALUES (5, 3);
INSERT INTO HABILIDADES_CURSO (id_curso, id_habilidad) VALUES (5, 6);
INSERT INTO HABILIDADES_CURSO (id_curso, id_habilidad) VALUES (5, 9);

INSERT INTO TEMAS_CURSO (id_tema, id_curso) VALUES (1, 1);
INSERT INTO TEMAS_CURSO (id_tema, id_curso) VALUES (2, 2);
INSERT INTO TEMAS_CURSO (id_tema, id_curso) VALUES (3, 3);
INSERT INTO TEMAS_CURSO (id_tema, id_curso) VALUES (1, 4);
INSERT INTO TEMAS_CURSO (id_tema, id_curso) VALUES (3, 5);

INSERT INTO PROFESORES (id_docente, nombre, apellidos, correo_electronico, resumen_experiencia, username) VALUES ('10101', 'Juan', 'Pérez', 'nacional0831@gmail.com', 'Juan Pérez es un profesor con amplia experiencia en su campo, habiendo trabajado en diversas instituciones educativas y proyectos tecnológicos.', 'prof001');
INSERT INTO PROFESORES (id_docente, nombre, apellidos, correo_electronico, resumen_experiencia, username) VALUES ('10102', 'Ana', 'García', 'ana.garcía@educursos.com', 'Ana García es un profesor con amplia experiencia en su campo, habiendo trabajado en diversas instituciones educativas y proyectos tecnológicos.', 'prof002');
INSERT INTO PROFESORES (id_docente, nombre, apellidos, correo_electronico, resumen_experiencia, username) VALUES ('10103', 'Carlos', 'Rodríguez', 'carlos.rodríguez@educursos.com', 'Carlos Rodríguez es un profesor con amplia experiencia en su campo, habiendo trabajado en diversas instituciones educativas y proyectos tecnológicos.', 'prof003');
INSERT INTO PROFESORES (id_docente, nombre, apellidos, correo_electronico, resumen_experiencia, username) VALUES ('10104', 'Luisa', 'Martínez', 'luisa.martínez@educursos.com', 'Luisa Martínez es un profesor con amplia experiencia en su campo, habiendo trabajado en diversas instituciones educativas y proyectos tecnológicos.', 'prof004');
INSERT INTO PROFESORES (id_docente, nombre, apellidos, correo_electronico, resumen_experiencia, username) VALUES ('10105', 'Miguel', 'Hernández', 'miguel.hernández@educursos.com', 'Miguel Hernández es un profesor con amplia experiencia en su campo, habiendo trabajado en diversas instituciones educativas y proyectos tecnológicos.', 'prof005');
INSERT INTO PROFESORES (id_docente, nombre, apellidos, correo_electronico, resumen_experiencia, username) VALUES ('10106', 'María', 'López', 'maría.lópez@educursos.com', 'María López es un profesor con amplia experiencia en su campo, habiendo trabajado en diversas instituciones educativas y proyectos tecnológicos.', 'prof006');
INSERT INTO PROFESORES (id_docente, nombre, apellidos, correo_electronico, resumen_experiencia, username) VALUES ('10107', 'Sofía', 'Gómez', 'sofía.gómez@educursos.com', 'Sofía Gómez es un profesor con amplia experiencia en su campo, habiendo trabajado en diversas instituciones educativas y proyectos tecnológicos.', 'prof007');
INSERT INTO PROFESORES (id_docente, nombre, apellidos, correo_electronico, resumen_experiencia, username) VALUES ('10108', 'David', 'Díaz', 'david.díaz@educursos.com', 'David Díaz es un profesor con amplia experiencia en su campo, habiendo trabajado en diversas instituciones educativas y proyectos tecnológicos.', 'prof008');
INSERT INTO PROFESORES (id_docente, nombre, apellidos, correo_electronico, resumen_experiencia, username) VALUES ('10109', 'Laura', 'Jiménez', 'laura.jiménez@educursos.com', 'Laura Jiménez es un profesor con amplia experiencia en su campo, habiendo trabajado en diversas instituciones educativas y proyectos tecnológicos.', 'prof009');
INSERT INTO PROFESORES (id_docente, nombre, apellidos, correo_electronico, resumen_experiencia, username) VALUES ('101010', 'Diego', 'Vega', 'diego.vega@educursos.com', 'Diego Vega es un profesor con amplia experiencia en su campo, habiendo trabajado en diversas instituciones educativas y proyectos tecnológicos.', 'prof0010');
INSERT INTO PROFESORES (id_docente, nombre, apellidos, correo_electronico, resumen_experiencia, username) VALUES ('101011', 'Andrea', 'Moreno', 'andrea.moreno@educursos.com', 'Andrea Moreno es un profesor con amplia experiencia en su campo, habiendo trabajado en diversas instituciones educativas y proyectos tecnológicos.', 'prof0011');
INSERT INTO PROFESORES (id_docente, nombre, apellidos, correo_electronico, resumen_experiencia, username) VALUES ('101012', 'José', 'Castro', 'josé.castro@educursos.com', 'José Castro es un profesor con amplia experiencia en su campo, habiendo trabajado en diversas instituciones educativas y proyectos tecnológicos.', 'prof0012');
INSERT INTO PROFESORES (id_docente, nombre, apellidos, correo_electronico, resumen_experiencia, username) VALUES ('101013', 'Carmen', 'Ramírez', 'carmen.ramírez@educursos.com', 'Carmen Ramírez es un profesor con amplia experiencia en su campo, habiendo trabajado en diversas instituciones educativas y proyectos tecnológicos.', 'prof0013');
INSERT INTO PROFESORES (id_docente, nombre, apellidos, correo_electronico, resumen_experiencia, username) VALUES ('101014', 'Manuel', 'Torres', 'manuel.torres@educursos.com', 'Manuel Torres es un profesor con amplia experiencia en su campo, habiendo trabajado en diversas instituciones educativas y proyectos tecnológicos.', 'prof0014');
INSERT INTO PROFESORES (id_docente, nombre, apellidos, correo_electronico, resumen_experiencia, username) VALUES ('101015', 'Paula', 'Flores', 'paula.flores@educursos.com', 'Paula Flores es un profesor con amplia experiencia en su campo, habiendo trabajado en diversas instituciones educativas y proyectos tecnológicos.', 'prof0015');

INSERT INTO PROFESORES_CURSO (id_curso, id_docente, rol_docente) VALUES (1, '101015', 'Titular');
INSERT INTO PROFESORES_CURSO (id_curso, id_docente, rol_docente) VALUES (2, '10109', 'Titular');
INSERT INTO PROFESORES_CURSO (id_curso, id_docente, rol_docente) VALUES (3, '10108', 'Titular');
INSERT INTO PROFESORES_CURSO (id_curso, id_docente, rol_docente) VALUES (4, '10104', 'Titular');
INSERT INTO PROFESORES_CURSO (id_curso, id_docente, rol_docente) VALUES (5, '10104', 'Titular');
INSERT INTO PROFESORES_CURSO (id_curso, id_docente, rol_docente) VALUES (1, '101013', 'Asistente');
INSERT INTO PROFESORES_CURSO (id_curso, id_docente, rol_docente) VALUES (2, '10107', 'Asistente');
INSERT INTO PROFESORES_CURSO (id_curso, id_docente, rol_docente) VALUES (3, '10107', 'Asistente');
INSERT INTO PROFESORES_CURSO (id_curso, id_docente, rol_docente) VALUES (4, '101010', 'Asistente');
INSERT INTO PROFESORES_CURSO (id_curso, id_docente, rol_docente) VALUES (5, '10101', 'Asistente');

INSERT INTO ESTUDIANTES (id_estudiante, nombre, apellidos, correo_electronico, celular, username) VALUES ('10201', 'Daniel', 'Ramírez', 'nacional0831@gmail.com', '3624266822', 'est001');
INSERT INTO ESTUDIANTES (id_estudiante, nombre, apellidos, correo_electronico, celular, username) VALUES ('10202', 'Santiago', 'Ortiz', 'santiago.ortiz@alumno.com', '3144059077', 'est002');
INSERT INTO ESTUDIANTES (id_estudiante, nombre, apellidos, correo_electronico, celular, username) VALUES ('10203', 'Valentina', 'Cruz', 'valentina.cruz@alumno.com', '3332530809', 'est003');
INSERT INTO ESTUDIANTES (id_estudiante, nombre, apellidos, correo_electronico, celular, username) VALUES ('10204', 'Camila', 'Ruiz', 'camila.ruiz@alumno.com', '3601995052', 'est004');
INSERT INTO ESTUDIANTES (id_estudiante, nombre, apellidos, correo_electronico, celular, username) VALUES ('10205', 'Sebastián', 'Lara', 'sebastián.lara@alumno.com', '3268080525', 'est005');
INSERT INTO ESTUDIANTES (id_estudiante, nombre, apellidos, correo_electronico, celular, username) VALUES ('10206', 'Natalia', 'Romero', 'natalia.romero@alumno.com', '3403833939', 'est006');
INSERT INTO ESTUDIANTES (id_estudiante, nombre, apellidos, correo_electronico, celular, username) VALUES ('10207', 'Mateo', 'Acosta', 'mateo.acosta@alumno.com', '3676089174', 'est007');
INSERT INTO ESTUDIANTES (id_estudiante, nombre, apellidos, correo_electronico, celular, username) VALUES ('10208', 'Isabella', 'Mejía', 'isabella.mejía@alumno.com', '3820729883', 'est008');
INSERT INTO ESTUDIANTES (id_estudiante, nombre, apellidos, correo_electronico, celular, username) VALUES ('10209', 'Martín', 'Ríos', 'martín.ríos@alumno.com', '3721431824', 'est009');
INSERT INTO ESTUDIANTES (id_estudiante, nombre, apellidos, correo_electronico, celular, username) VALUES ('10210', 'Lucía', 'Salazar', 'lucía.salazar@alumno.com', '3826451312', 'est010');
INSERT INTO ESTUDIANTES (id_estudiante, nombre, apellidos, correo_electronico, celular, username) VALUES ('10211', 'Samuel', 'Navarro', 'samuel.navarro@alumno.com', '3269215946', 'est011');
INSERT INTO ESTUDIANTES (id_estudiante, nombre, apellidos, correo_electronico, celular, username) VALUES ('10212', 'Emilia', 'Castillo', 'emilia.castillo@alumno.com', '3239648523', 'est012');
INSERT INTO ESTUDIANTES (id_estudiante, nombre, apellidos, correo_electronico, celular, username) VALUES ('10213', 'Gabriel', 'Reyes', 'gabriel.reyes@alumno.com', '3187373883', 'est013');
INSERT INTO ESTUDIANTES (id_estudiante, nombre, apellidos, correo_electronico, celular, username) VALUES ('10214', 'Victoria', 'González', 'victoria.gonzález@alumno.com', '3806159327', 'est014');
INSERT INTO ESTUDIANTES (id_estudiante, nombre, apellidos, correo_electronico, celular, username) VALUES ('10215', 'Joaquín', 'Figueroa', 'joaquín.figueroa@alumno.com', '3916041582', 'est015');

INSERT INTO CURSOS_ESTUDIANTE (id_estudiante, id_curso) VALUES ('10201', 1);
INSERT INTO CURSOS_ESTUDIANTE (id_estudiante, id_curso) VALUES ('10202', 5);
INSERT INTO CURSOS_ESTUDIANTE (id_estudiante, id_curso) VALUES ('10203', 1);
INSERT INTO CURSOS_ESTUDIANTE (id_estudiante, id_curso) VALUES ('10204', 3);
INSERT INTO CURSOS_ESTUDIANTE (id_estudiante, id_curso) VALUES ('10205', 2);
INSERT INTO CURSOS_ESTUDIANTE (id_estudiante, id_curso) VALUES ('10206', 2);
INSERT INTO CURSOS_ESTUDIANTE (id_estudiante, id_curso) VALUES ('10207', 3);
INSERT INTO CURSOS_ESTUDIANTE (id_estudiante, id_curso) VALUES ('10208', 4);
INSERT INTO CURSOS_ESTUDIANTE (id_estudiante, id_curso) VALUES ('10209', 1);
INSERT INTO CURSOS_ESTUDIANTE (id_estudiante, id_curso) VALUES ('10210', 1);
INSERT INTO CURSOS_ESTUDIANTE (id_estudiante, id_curso) VALUES ('10211', 4);
INSERT INTO CURSOS_ESTUDIANTE (id_estudiante, id_curso) VALUES ('10212', 5);
INSERT INTO CURSOS_ESTUDIANTE (id_estudiante, id_curso) VALUES ('10213', 5);
INSERT INTO CURSOS_ESTUDIANTE (id_estudiante, id_curso) VALUES ('10214', 2);
INSERT INTO CURSOS_ESTUDIANTE (id_estudiante, id_curso) VALUES ('10215', 3);

INSERT INTO CALIFICACIONES_CURSO (id_curso, id_estudiante, calificacion, comentarios) VALUES (2, '10201', 3.3, 'El curso cumplió con mis expectativas.');
INSERT INTO CALIFICACIONES_CURSO (id_curso, id_estudiante, calificacion, comentarios) VALUES (2, '10202', 3.5, 'Me gustó mucho el enfoque práctico del curso.');
INSERT INTO CALIFICACIONES_CURSO (id_curso, id_estudiante, calificacion, comentarios) VALUES (5, '10203', 4.1, 'El curso me permitió mejorar mis habilidades significativamente.');
INSERT INTO CALIFICACIONES_CURSO (id_curso, id_estudiante, calificacion, comentarios) VALUES (5, '10204', 4.2, 'Buen curso, pero el material adicional era limitado.');
INSERT INTO CALIFICACIONES_CURSO (id_curso, id_estudiante, calificacion, comentarios) VALUES (4, '10205', 4.0, 'Excelente curso, muy completo y bien explicado.');
INSERT INTO CALIFICACIONES_CURSO (id_curso, id_estudiante, calificacion, comentarios) VALUES (4, '10206', 4.7, 'Excelente curso, muy completo y bien explicado.');
INSERT INTO CALIFICACIONES_CURSO (id_curso, id_estudiante, calificacion, comentarios) VALUES (3, '10207', 3.7, 'El curso fue muy dinámico y entretenido.');
INSERT INTO CALIFICACIONES_CURSO (id_curso, id_estudiante, calificacion, comentarios) VALUES (3, '10208', 4.1, 'Aprendí mucho, aunque algunos temas fueron complicados.');
INSERT INTO CALIFICACIONES_CURSO (id_curso, id_estudiante, calificacion, comentarios) VALUES (3, '10209', 3.5, 'El profesor fue muy claro en sus explicaciones.');
INSERT INTO CALIFICACIONES_CURSO (id_curso, id_estudiante, calificacion, comentarios) VALUES (1, '10210', 4.3, 'Aprendí mucho, aunque algunos temas fueron complicados.');
INSERT INTO CALIFICACIONES_CURSO (id_curso, id_estudiante, calificacion, comentarios) VALUES (1, '10211', 4.0, 'El contenido fue útil, pero podría haber más ejemplos prácticos.');
INSERT INTO CALIFICACIONES_CURSO (id_curso, id_estudiante, calificacion, comentarios) VALUES (2, '10212', 4.3, 'El curso fue muy dinámico y entretenido.');
INSERT INTO CALIFICACIONES_CURSO (id_curso, id_estudiante, calificacion, comentarios) VALUES (5, '10213', 3.6, 'El curso cumplió con mis expectativas.');
INSERT INTO CALIFICACIONES_CURSO (id_curso, id_estudiante, calificacion, comentarios) VALUES (4, '10214', 4.0, 'El curso cumplió con mis expectativas.');
INSERT INTO CALIFICACIONES_CURSO (id_curso, id_estudiante, calificacion, comentarios) VALUES (4, '10215', 3.5, 'El curso cumplió con mis expectativas.');

INSERT INTO INSCRIPCIONES (id_curso, id_estudiante, fecha_inscripcion, url_link_confirmacion, estado_inscripcion, codigo_para_pago) VALUES (2, '10201', '2024-09-02', 'https://example.com/confirmar/fa6d0271-4238-431f-9578-7b3431b21706', 'PAGADA', 'fa6d0271-4238-431f-9578-7b3431b21706');
INSERT INTO INSCRIPCIONES (id_curso, id_estudiante, fecha_inscripcion, url_link_confirmacion, estado_inscripcion, codigo_para_pago) VALUES (2, '10202', '2024-07-07', 'https://example.com/confirmar/0b7cf180-9273-40b4-85f1-3db823b72637', 'PAGADA', '0b7cf180-9273-40b4-85f1-3db823b72637');
INSERT INTO INSCRIPCIONES (id_curso, id_estudiante, fecha_inscripcion, url_link_confirmacion, estado_inscripcion, codigo_para_pago) VALUES (5, '10203', '2024-07-10', 'https://example.com/confirmar/a8ceecbe-def0-46d3-9712-496def7379a0', 'PAGADA', 'a8ceecbe-def0-46d3-9712-496def7379a0');
INSERT INTO INSCRIPCIONES (id_curso, id_estudiante, fecha_inscripcion, url_link_confirmacion, estado_inscripcion, codigo_para_pago) VALUES (5, '10204', '2024-08-01', 'https://example.com/confirmar/772519d3-0c41-4846-a5cd-d9378fe5863b', 'PAGADA', '772519d3-0c41-4846-a5cd-d9378fe5863b');
INSERT INTO INSCRIPCIONES (id_curso, id_estudiante, fecha_inscripcion, url_link_confirmacion, estado_inscripcion, codigo_para_pago) VALUES (4, '10205', '2024-06-29', 'https://example.com/confirmar/dcf41e32-0cff-49ad-ac65-423975970752', 'PAGADA', 'dcf41e32-0cff-49ad-ac65-423975970752');
INSERT INTO INSCRIPCIONES (id_curso, id_estudiante, fecha_inscripcion, url_link_confirmacion, estado_inscripcion, codigo_para_pago) VALUES (4, '10206', '2024-08-12', 'https://example.com/confirmar/825dd3cf-bed8-486d-963d-2e35e20f8a18', 'PAGADA', '825dd3cf-bed8-486d-963d-2e35e20f8a18');
INSERT INTO INSCRIPCIONES (id_curso, id_estudiante, fecha_inscripcion, url_link_confirmacion, estado_inscripcion, codigo_para_pago) VALUES (3, '10207', '2024-07-24', 'https://example.com/confirmar/f05ba835-fc42-49da-93d4-93d187a8bbc6', 'PAGADA', 'f05ba835-fc42-49da-93d4-93d187a8bbc6');
INSERT INTO INSCRIPCIONES (id_curso, id_estudiante, fecha_inscripcion, url_link_confirmacion, estado_inscripcion, codigo_para_pago) VALUES (3, '10209', '2024-09-07', 'https://example.com/confirmar/b55202c7-81ae-424e-887d-14ecf77875e4', 'PAGADA', 'b55202c7-81ae-424e-887d-14ecf77875e4');
INSERT INTO INSCRIPCIONES (id_curso, id_estudiante, fecha_inscripcion, url_link_confirmacion, estado_inscripcion, codigo_para_pago) VALUES (1, '10210', '2024-08-14', 'https://example.com/confirmar/2e58a131-5644-4397-ac80-0772418cfbe5', 'PAGADA', '2e58a131-5644-4397-ac80-0772418cfbe5');
INSERT INTO INSCRIPCIONES (id_curso, id_estudiante, fecha_inscripcion, url_link_confirmacion, estado_inscripcion, codigo_para_pago) VALUES (1, '10211', '2024-07-16', 'https://example.com/confirmar/8d82b984-39d9-4020-8db8-2bebc7cd7619', 'PAGADA', '8d82b984-39d9-4020-8db8-2bebc7cd7619');
INSERT INTO INSCRIPCIONES (id_curso, id_estudiante, fecha_inscripcion, url_link_confirmacion, estado_inscripcion, codigo_para_pago) VALUES (2, '10212', '2024-09-14', 'https://example.com/confirmar/426b0f20-833a-45b8-bd04-321247742982', 'PAGADA', '426b0f20-833a-45b8-bd04-321247742982');
INSERT INTO INSCRIPCIONES (id_curso, id_estudiante, fecha_inscripcion, url_link_confirmacion, estado_inscripcion, codigo_para_pago) VALUES (5, '10213', '2024-07-19', 'https://example.com/confirmar/360c894b-d9a9-4b37-b6da-2aaf28705a28', 'PAGADA', '360c894b-d9a9-4b37-b6da-2aaf28705a28');
INSERT INTO INSCRIPCIONES (id_curso, id_estudiante, fecha_inscripcion, url_link_confirmacion, estado_inscripcion, codigo_para_pago) VALUES (4, '10214', '2024-07-28', 'https://example.com/confirmar/0a1285c4-c1b5-4420-9f70-e91ed839177a', 'PAGADA', '0a1285c4-c1b5-4420-9f70-e91ed839177a');
INSERT INTO INSCRIPCIONES (id_curso, id_estudiante, fecha_inscripcion, url_link_confirmacion, estado_inscripcion, codigo_para_pago) VALUES (4, '10215', '2024-07-27', 'https://example.com/confirmar/26f631a5-d000-4fc0-bb64-7383dd874df5', 'PAGADA', '26f631a5-d000-4fc0-bb64-7383dd874df5');

INSERT INTO PAGO_INSCRIPCIONES (id_curso, id_estudiante, medio_pago, valor_pago, estado_pago) VALUES (2, '10201', 'TarjetaCredito', 2000000, 'Confirmado');
INSERT INTO PAGO_INSCRIPCIONES (id_curso, id_estudiante, medio_pago, valor_pago, estado_pago) VALUES (2, '10202', 'TarjetaCredito', 2800000, 'Confirmado');
INSERT INTO PAGO_INSCRIPCIONES (id_curso, id_estudiante, medio_pago, valor_pago, estado_pago) VALUES (5, '10203', 'TarjetaCredito', 2000000, 'Confirmado');
INSERT INTO PAGO_INSCRIPCIONES (id_curso, id_estudiante, medio_pago, valor_pago, estado_pago) VALUES (5, '10204', 'TarjetaCredito', 1700000, 'Confirmado');
INSERT INTO PAGO_INSCRIPCIONES (id_curso, id_estudiante, medio_pago, valor_pago, estado_pago) VALUES (4, '10205', 'TarjetaCredito', 1700000, 'Confirmado');
INSERT INTO PAGO_INSCRIPCIONES (id_curso, id_estudiante, medio_pago, valor_pago, estado_pago) VALUES (4, '10206', 'TarjetaCredito', 1700000, 'Confirmado');
INSERT INTO PAGO_INSCRIPCIONES (id_curso, id_estudiante, medio_pago, valor_pago, estado_pago) VALUES (3, '10209', 'TarjetaCredito', 2500000, 'Confirmado');
INSERT INTO PAGO_INSCRIPCIONES (id_curso, id_estudiante, medio_pago, valor_pago, estado_pago) VALUES (3, '10207', 'TarjetaCredito', 3100000, 'Confirmado');
INSERT INTO PAGO_INSCRIPCIONES (id_curso, id_estudiante, medio_pago, valor_pago, estado_pago) VALUES (1, '10210', 'TarjetaCredito', 3100000, 'Confirmado');
INSERT INTO PAGO_INSCRIPCIONES (id_curso, id_estudiante, medio_pago, valor_pago, estado_pago) VALUES (1, '10211', 'TarjetaCredito', 1700000, 'Confirmado');
INSERT INTO PAGO_INSCRIPCIONES (id_curso, id_estudiante, medio_pago, valor_pago, estado_pago) VALUES (2, '10212', 'TarjetaCredito', 2000000, 'Confirmado');
INSERT INTO PAGO_INSCRIPCIONES (id_curso, id_estudiante, medio_pago, valor_pago, estado_pago) VALUES (5, '10213', 'TarjetaCredito', 2500000, 'Confirmado');
INSERT INTO PAGO_INSCRIPCIONES (id_curso, id_estudiante, medio_pago, valor_pago, estado_pago) VALUES (4, '10214', 'TarjetaCredito', 2000000, 'Confirmado');
INSERT INTO PAGO_INSCRIPCIONES (id_curso, id_estudiante, medio_pago, valor_pago, estado_pago) VALUES (4, '10215', 'TarjetaCredito', 3100000, 'Confirmado');

INSERT INTO CERTIFICADOS_CURSO (id_curso, id_estudiante, fecha_expedicion_certificado, url_descarga_certificado) VALUES (1, '10201', '2024-08-19', 'https://example.com/certificado/71c4e5c5-3fda-4d1a-8652-3c2d08759890');
INSERT INTO CERTIFICADOS_CURSO (id_curso, id_estudiante, fecha_expedicion_certificado, url_descarga_certificado) VALUES (4, '10202', '2024-08-19', 'https://example.com/certificado/1cb0711e-1a47-4581-8b2a-384a68ca0dc5');
INSERT INTO CERTIFICADOS_CURSO (id_curso, id_estudiante, fecha_expedicion_certificado, url_descarga_certificado) VALUES (2, '10203', '2024-09-28', 'https://example.com/certificado/7b6a7539-e605-44ad-8e8f-6739e0f87b33');
INSERT INTO CERTIFICADOS_CURSO (id_curso, id_estudiante, fecha_expedicion_certificado, url_descarga_certificado) VALUES (4, '10204', '2024-08-30', 'https://example.com/certificado/03fad31e-282a-4f41-bd0e-c3595ef49a29');
INSERT INTO CERTIFICADOS_CURSO (id_curso, id_estudiante, fecha_expedicion_certificado, url_descarga_certificado) VALUES (2, '10205', '2024-09-13', 'https://example.com/certificado/7532392e-35f6-4522-8e12-ffebd7e9347d');
INSERT INTO CERTIFICADOS_CURSO (id_curso, id_estudiante, fecha_expedicion_certificado, url_descarga_certificado) VALUES (4, '10206', '2024-08-07', 'https://example.com/certificado/890c05fc-4d2e-49b4-9e4a-3e2ce5c5ff4c');
INSERT INTO CERTIFICADOS_CURSO (id_curso, id_estudiante, fecha_expedicion_certificado, url_descarga_certificado) VALUES (3, '10207', '2024-10-05', 'https://example.com/certificado/a27935b9-6510-476a-a6fd-2ce0cf68670c');
INSERT INTO CERTIFICADOS_CURSO (id_curso, id_estudiante, fecha_expedicion_certificado, url_descarga_certificado) VALUES (4, '10208', '2024-09-29', 'https://example.com/certificado/fb3f0f65-0993-4f5c-8001-019cebd77992');
INSERT INTO CERTIFICADOS_CURSO (id_curso, id_estudiante, fecha_expedicion_certificado, url_descarga_certificado) VALUES (2, '10209', '2024-08-28', 'https://example.com/certificado/72487a17-079b-4fd1-a992-19ee032b5741');
INSERT INTO CERTIFICADOS_CURSO (id_curso, id_estudiante, fecha_expedicion_certificado, url_descarga_certificado) VALUES (1, '10210', '2024-09-05', 'https://example.com/certificado/e3a1276e-443b-4105-8ea5-3794c0a5f4cc');
INSERT INTO CERTIFICADOS_CURSO (id_curso, id_estudiante, fecha_expedicion_certificado, url_descarga_certificado) VALUES (3, '10211', '2024-08-20', 'https://example.com/certificado/1a5362b4-090e-4f80-b243-522afa5e5c1e');
INSERT INTO CERTIFICADOS_CURSO (id_curso, id_estudiante, fecha_expedicion_certificado, url_descarga_certificado) VALUES (3, '10212', '2024-08-16', '	');
INSERT INTO CERTIFICADOS_CURSO (id_curso, id_estudiante, fecha_expedicion_certificado, url_descarga_certificado) VALUES (5, '10213', '2024-10-03', 'https://example.com/certificado/5392bb55-f370-47bb-9cb2-a17ab462c14c');
INSERT INTO CERTIFICADOS_CURSO (id_curso, id_estudiante, fecha_expedicion_certificado, url_descarga_certificado) VALUES (2, '10214', '2024-08-22', 'https://example.com/certificado/f8a33e63-b8d0-4ccd-bd0c-e655693c1cbe');
INSERT INTO CERTIFICADOS_CURSO (id_curso, id_estudiante, fecha_expedicion_certificado, url_descarga_certificado) VALUES (1, '10215', '2024-09-23', 'https://example.com/certificado/4b837a45-13f2-43c6-963b-2c3cb1671501');

COMMIT;
